Workbook

Sheet Sheet1
A1: Day Ahead Hourly Ontario Zonal Energy Price Report
A2: 14th June
A3: Ontario Zonal Price & Components | B3: Day Ahead Zonal Energy Price ($/MWh) for hour
B4: 1 | C4: 2 | D4: 3 | E4: 4 | F4: 5 | G4: 6 | H4: 7 | I4: 8 | J4: 9 | K4: 10 | L4: 11 | M4: 12 | N4: 13 | O4: 14 | P4: 15 | Q4: 16 | R4: 17 | S4: 18 | T4: 19 | U4: 20 | V4: 21 | W4: 22 | X4: 23 | Y4: 24
A5: Zonal Price | B5: 26.79 | C5: 22.05 | D5: 22.31 | E5: 15.09 | F5: 17.72 | G5: 14.98 | H5: 20.23 | I5: 26.32 | J5: 29.12 | K5: 26.13 | L5: 29.22 | M5: 31.35 | N5: 32.13 | O5: 30.87 | P5: 31.2 | Q5: 41.65 | R5: 50.05 | S5: 54.84 | T5: 60.58 | U5: 56.54 | V5: 51 | W5: 37.54 | X5: 30.45 | Y5: 30.51
A6: Energy Loss Price | B6: 0.1 | C6: 0.12 | D6: 0.19 | E6: 0.13 | F6: 0.16 | G6: 0.1 | H6: 0.12 | I6: 0.06 | J6: 0 | K6: 0 | L6: 0.01 | M6: 0.07 | N6: 0.06 | O6: 0.08 | P6: 0.05 | Q6: -0.04 | R6: -0.23 | S6: -0.21 | T6: -0.24 | U6: -0.11 | V6: -0.02 | W6: 0.11 | X6: 0.11 | Y6: 0.18
A7: Energy Congestion Price | B7: -0.01 | C7: -0.03 | D7: -0.03 | E7: -0.01 | F7: -0.01 | G7: -0.01 | H7: -0.01 | I7: -0.01 | J7: -0.02 | K7: -0.02 | L7: -0.02 | M7: -0.02 | N7: -0.02 | O7: -0.02 | P7: -0.02 | Q7: -0.02 | R7: -0.01 | S7: -0.01 | T7: -0.01 | U7: -0.01 | V7: -0.03 | W7: -0.03 | X7: 0.15 | Y7: 0.17
A8: 14th May
A9: l Price & Components | B9: Day Ahead Zonal Energy Price ($/MWh) for hour
B10: 1 | C10: 2 | D10: 3 | E10: 4 | F10: 5 | G10: 6 | H10: 7 | I10: 8 | J10: 9 | K10: 10 | L10: 11 | M10: 12 | N10: 13 | O10: 14 | P10: 15 | Q10: 16 | R10: 17 | S10: 18 | T10: 19 | U10: 20 | V10: 21 | W10: 22 | X10: 23 | Y10: 24
A11: Zonal Price | B11: 11.94 | C11: 6.78 | D11: 6.82 | E11: 6.94 | F11: 14.07 | G11: 30.4 | H11: 30.31 | I11: 35.63 | J11: 36.11 | K11: 37.09 | L11: 36.47 | M11: 36.34 | N11: 36.24 | O11: 36.29 | P11: 35.41 | Q11: 35.47 | R11: 56.07 | S11: 63.62 | T11: 60.62 | U11: 57.49 | V11: 41.4 | W11: 36.26 | X11: 28.64 | Y11: 11.95
A12: Energy Loss Price | B12: 0.04 | C12: 0.04 | D12: 0.05 | E12: 0.05 | F12: 0.09 | G12: 0.16 | H12: 0.09 | I12: 0.07 | J12: 0.03 | K12: 0.08 | L12: 0.02 | M12: 0.02 | N12: -0.06 | O12: -0.04 | P12: -0.02 | Q12: -0.04 | R12: -0.06 | S12: -0.07 | T12: -0.06 | U12: -0.07 | V12: -0.04 | W12: 0 | X12: -0.04 | Y12: 0.01
A13: Energy Congestion Price | B13: 0 | C13: 0 | D13: 0 | E13: 0 | F13: 0 | G13: -0.5 | H13: -0.48 | I13: -1.32 | J13: -1.5 | K13: -0.6 | L13: -0.57 | M13: -0.59 | N13: -0.59 | O13: -0.55 | P13: -1.42 | Q13: -1.46 | R13: -2.19 | S13: -2.74 | T13: -1.04 | U13: -1 | V13: -0.68 | W13: -0.53 | X13: -0.49 | Y13: -0.11
A14: 15th May
A15: Ontario Zonal Price & Components | B15: Day Ahead Zonal Energy Price ($/MWh) for hour
B16: 1 | C16: 2 | D16: 3 | E16: 4 | F16: 5 | G16: 6 | H16: 7 | I16: 8 | J16: 9 | K16: 10 | L16: 11 | M16: 12 | N16: 13 | O16: 14 | P16: 15 | Q16: 16 | R16: 17 | S16: 18 | T16: 19 | U16: 20 | V16: 21 | W16: 22 | X16: 23 | Y16: 24
A17: Zonal Price | B17: 5.93 | C17: 5.94 | D17: 5.91 | E17: 6.13 | F17: 5.83 | G17: 6.89 | H17: 12.95 | I17: 13.24 | J17: 28.52 | K17: 28.21 | L17: 25.94 | M17: 29.38 | N17: 28.2 | O17: 29.89 | P17: 29.81 | Q17: 36.23 | R17: 57.61 | S17: 59.92 | T17: 58.81 | U17: 69.17 | V17: 56.34 | W17: 36.24 | X17: 29.05 | Y17: 11.9
A18: Energy Loss Price | B18: 0.02 | C18: 0.03 | D18: 0.04 | E18: 0.04 | F18: 0.04 | G18: 0.02 | H18: -0.04 | I18: -0.05 | J18: -0.13 | K18: -0.04 | L18: -0.05 | M18: -0.04 | N18: -0.11 | O18: -0.11 | P18: -0.1 | Q18: -0.09 | R18: -0.08 | S18: -0.1 | T18: -0.12 | U18: -0.13 | V18: -0.1 | W18: -0.07 | X18: -0.06 | Y18: 0.01
A19: Energy Congestion Price | B19: 0 | C19: 0 | D19: 0 | E19: 0 | F19: 0 | G19: 0 | H19: -0.12 | I19: -0.12 | J19: -0.4 | K19: -0.43 | L19: -0.36 | M19: -0.45 | N19: -0.63 | O19: -1.04 | P19: -1.07 | Q19: -1.32 | R19: -2.37 | S19: -2.51 | T19: -1.18 | U19: -1.18 | V19: -0.93 | W19: -0.61 | X19: -0.48 | Y19: -0.11
A20: 16th May
A21: Ontario Zonal Price & Components | B21: Day Ahead Zonal Energy Price ($/MWh) for hour
B22: 1 | C22: 2 | D22: 3 | E22: 4 | F22: 5 | G22: 6 | H22: 7 | I22: 8 | J22: 9 | K22: 10 | L22: 11 | M22: 12 | N22: 13 | O22: 14 | P22: 15 | Q22: 16 | R22: 17 | S22: 18 | T22: 19 | U22: 20 | V22: 21 | W22: 22 | X22: 23 | Y22: 24
A23: Zonal Price | B23: 5.31 | C23: 0 | D23: 0 | E23: 0 | F23: 0 | G23: 0 | H23: 0 | I23: 6.13 | J23: 6.57 | K23: 9.94 | L23: 9.93 | M23: 7.6 | N23: 6.35 | O23: 6.14 | P23: 6.04 | Q23: 6.4 | R23: 7.73 | S23: 12.14 | T23: 13.83 | U23: 12.25 | V23: 10.86 | W23: 6.62 | X23: 5.29 | Y23: 0
A24: Energy Loss Price | B24: 0.05 | C24: 0 | D24: 0 | E24: 0 | F24: 0 | G24: 0 | H24: 0 | I24: 0.02 | J24: -0.01 | K24: -0.02 | L24: -0.04 | M24: -0.02 | N24: -0.01 | O24: -0.01 | P24: -0.01 | Q24: -0.01 | R24: -0.03 | S24: -0.06 | T24: -0.06 | U24: -0.04 | V24: -0.06 | W24: -0.01 | X24: 0.03 | Y24: 0
A25: Energy Congestion Price | B25: 0 | C25: 0 | D25: 0 | E25: 0 | F25: 0 | G25: 0 | H25: 0 | I25: 0 | J25: 0 | K25: -0.06 | L25: -0.06 | M25: 0 | N25: 0 | O25: 0 | P25: 0 | Q25: 0 | R25: 0 | S25: -0.1 | T25: -0.14 | U25: 0 | V25: -0.07 | W25: 0 | X25: 0 | Y25: 0
A26: 17th May
A27: Ontario Zonal Price & Components | B27: Day Ahead Zonal Energy Price ($/MWh) for hour
B28: 1 | C28: 2 | D28: 3 | E28: 4 | F28: 5 | G28: 6 | H28: 7 | I28: 8 | J28: 9 | K28: 10 | L28: 11 | M28: 12 | N28: 13 | O28: 14 | P28: 15 | Q28: 16 | R28: 17 | S28: 18 | T28: 19 | U28: 20 | V28: 21 | W28: 22 | X28: 23 | Y28: 24
A29: Zonal Price | B29: 0 | C29: 0 | D29: 0 | E29: 0 | F29: 0 | G29: 0 | H29: 0 | I29: 5.77 | J29: 6.2 | K29: 9.96 | L29: 14.02 | M29: 14.17 | N29: 14.01 | O29: 15.35 | P29: 14.17 | Q29: 14.15 | R29: 32.89 | S29: 33.65 | T29: 35.86 | U29: 39.87 | V29: 35.34 | W29: 33.35 | X29: 24.78 | Y29: 14.58
A30: Energy Loss Price | B30: 0 | C30: 0 | D30: 0 | E30: 0 | F30: 0 | G30: 0 | H30: 0 | I30: 0.03 | J30: 0.01 | K30: 0.01 | L30: -0.01 | M30: 0 | N30: -0.03 | O30: -0.04 | P30: -0.01 | Q30: -0.04 | R30: -0.07 | S30: -0.05 | T30: -0.01 | U30: -0.01 | V30: -0.01 | W30: 0.04 | X30: 0.05 | Y30: 0.08
A31: Energy Congestion Price | B31: 0 | C31: 0 | D31: 0 | E31: 0 | F31: 0 | G31: 0 | H31: 0 | I31: 0 | J31: 0 | K31: -0.06 | L31: -0.16 | M31: -0.15 | N31: -0.15 | O31: -0.19 | P31: -0.15 | Q31: -0.15 | R31: -0.53 | S31: -0.55 | T31: 0 | U31: 0 | V31: 0 | W31: 0 | X31: -0.01 | Y31: 0
A32: 18th May
A33: Ontario Zonal Price & Components | B33: Day Ahead Zonal Energy Price ($/MWh) for hour
B34: 1 | C34: 2 | D34: 3 | E34: 4 | F34: 5 | G34: 6 | H34: 7 | I34: 8 | J34: 9 | K34: 10 | L34: 11 | M34: 12 | N34: 13 | O34: 14 | P34: 15 | Q34: 16 | R34: 17 | S34: 18 | T34: 19 | U34: 20 | V34: 21 | W34: 22 | X34: 23 | Y34: 24
A35: Zonal Price | B35: 6.02 | C35: 5.74 | D35: 5.59 | E35: 5.88 | F35: 6.32 | G35: 6.37 | H35: 6.21 | I35: 6.75 | J35: 6.67 | K35: 6.58 | L35: 6.25 | M35: 6.36 | N35: 5.83 | O35: 5.86 | P35: 5.96 | Q35: 6.74 | R35: 14.54 | S35: 29.88 | T35: 38.08 | U35: 57.69 | V35: 39.31 | W35: 14.54 | X35: 14.51 | Y35: 14.77
A36: Energy Loss Price | B36: 0.06 | C36: 0.08 | D36: 0.09 | E36: 0.09 | F36: 0.08 | G36: 0.06 | H36: 0.05 | I36: 0.04 | J36: 0.03 | K36: 0.04 | L36: 0.03 | M36: 0.04 | N36: 0.03 | O36: 0.03 | P36: 0.03 | Q36: 0.01 | R36: -0.01 | S36: -0.07 | T36: -0.11 | U36: -0.14 | V36: -0.15 | W36: -0.02 | X36: 0.04 | Y36: 0.11
A37: Energy Congestion Price | B37: 0 | C37: 0 | D37: 0 | E37: 0 | F37: 0 | G37: 0 | H37: 0 | I37: 0 | J37: 0 | K37: 0 | L37: 0 | M37: 0 | N37: 0 | O37: 0 | P37: 0 | Q37: 0 | R37: -0.13 | S37: -0.44 | T37: -0.62 | U37: -1.04 | V37: -0.71 | W37: -0.15 | X37: -0.18 | Y37: 0
A38: 19th May
A39: Ontario Zonal Price & Components | B39: Day Ahead Zonal Energy Price ($/MWh) for hour
B40: 1 | C40: 2 | D40: 3 | E40: 4 | F40: 5 | G40: 6 | H40: 7 | I40: 8 | J40: 9 | K40: 10 | L40: 11 | M40: 12 | N40: 13 | O40: 14 | P40: 15 | Q40: 16 | R40: 17 | S40: 18 | T40: 19 | U40: 20 | V40: 21 | W40: 22 | X40: 23 | Y40: 24
A41: Zonal Price | B41: 5.96 | C41: 6.2 | D41: 5.88 | E41: 5.78 | F41: 6.38 | G41: 14.45 | H41: 23.7 | I41: 26.47 | J41: 31.32 | K41: 29.42 | L41: 26.72 | M41: 31.52 | N41: 29.3 | O41: 26.57 | P41: 29.4 | Q41: 26.52 | R41: 34.37 | S41: 34.33 | T41: 34.29 | U41: 34.33 | V41: 31.72 | W41: 14.07 | X41: 13.88 | Y41: 5.97
A42: Energy Loss Price | B42: 0.07 | C42: 0.08 | D42: 0.08 | E42: 0.08 | F42: 0.06 | G42: 0.08 | H42: -0.02 | I42: -0.04 | J42: -0.03 | K42: 0.06 | L42: 0.02 | M42: 0.04 | N42: -0.03 | O42: -0.03 | P42: 0.02 | Q42: -0.05 | R42: -0.09 | S42: -0.11 | T42: -0.08 | U42: -0.07 | V42: -0.09 | W42: -0.01 | X42: 0 | Y42: 0.04
A43: Energy Congestion Price | B43: 0 | C43: 0 | D43: 0 | E43: 0 | F43: 0 | G43: -0.17 | H43: -0.34 | I43: 0 | J43: 0 | K43: 0 | L43: 0 | M43: 0 | N43: 0 | O43: 0 | P43: 0 | Q43: 0 | R43: -0.46 | S43: -0.45 | T43: -0.52 | U43: -0.53 | V43: -0.49 | W43: 0.01 | X43: -0.13 | Y43: 0
A44: 20th May
A45: Ontario Zonal Price & Components | B45: Day Ahead Zonal Energy Price ($/MWh) for hour
B46: 1 | C46: 2 | D46: 3 | E46: 4 | F46: 5 | G46: 6 | H46: 7 | I46: 8 | J46: 9 | K46: 10 | L46: 11 | M46: 12 | N46: 13 | O46: 14 | P46: 15 | Q46: 16 | R46: 17 | S46: 18 | T46: 19 | U46: 20 | V46: 21 | W46: 22 | X46: 23 | Y46: 24
A47: Zonal Price | B47: 1 | C47: 5.17 | D47: 3.05 | E47: 4.96 | F47: 5.62 | G47: 6.14 | H47: 19.22 | I47: 37.41 | J47: 34.12 | K47: 24.02 | L47: 23.56 | M47: 28.29 | N47: 23.97 | O47: 28.36 | P47: 21.12 | Q47: 23.68 | R47: 37.87 | S47: 56.63 | T47: 58.61 | U47: 59.33 | V47: 58.36 | W47: 26.9 | X47: 16.88 | Y47: 10.74
A48: Energy Loss Price | B48: 0.01 | C48: 0.06 | D48: 0.04 | E48: 0.07 | F48: 0.05 | G48: 0.02 | H48: -0.05 | I48: -0.2 | J48: -0.17 | K48: -0.11 | L48: -0.13 | M48: -0.13 | N48: -0.1 | O48: -0.11 | P48: -0.09 | Q48: -0.12 | R48: -0.2 | S48: -0.35 | T48: -0.29 | U48: -0.28 | V48: -0.28 | W48: -0.01 | X48: 0.06 | Y48: 0.07
A49: Energy Congestion Price | B49: 0 | C49: 0 | D49: 0 | E49: 0 | F49: 0 | G49: 0 | H49: -0.23 | I49: -0.57 | J49: 0.03 | K49: 0.01 | L49: 0.01 | M49: 0.01 | N49: 0.01 | O49: 0 | P49: 0 | Q49: -0.32 | R49: -0.59 | S49: -0.97 | T49: -1 | U49: -1.04 | V49: -1.03 | W49: -0.02 | X49: -0.01 | Y49: 0.01
A50: 21st May
A51: Ontario Zonal Price & Components | B51: Day Ahead Zonal Energy Price ($/MWh) for hour
B52: 1 | C52: 2 | D52: 3 | E52: 4 | F52: 5 | G52: 6 | H52: 7 | I52: 8 | J52: 9 | K52: 10 | L52: 11 | M52: 12 | N52: 13 | O52: 14 | P52: 15 | Q52: 16 | R52: 17 | S52: 18 | T52: 19 | U52: 20 | V52: 21 | W52: 22 | X52: 23 | Y52: 24
A53: Zonal Price | B53: 1 | C53: 5.17 | D53: 3.05 | E53: 4.96 | F53: 5.62 | G53: 6.14 | H53: 19.22 | I53: 37.41 | J53: 34.12 | K53: 24.02 | L53: 23.56 | M53: 28.29 | N53: 23.97 | O53: 28.36 | P53: 21.12 | Q53: 23.68 | R53: 37.87 | S53: 56.63 | T53: 58.61 | U53: 59.33 | V53: 58.36 | W53: 26.9 | X53: 16.88 | Y53: 10.74
A54: Energy Loss Price | B54: 0.01 | C54: 0.06 | D54: 0.04 | E54: 0.07 | F54: 0.05 | G54: 0.02 | H54: -0.05 | I54: -0.2 | J54: -0.17 | K54: -0.11 | L54: -0.13 | M54: -0.13 | N54: -0.1 | O54: -0.11 | P54: -0.09 | Q54: -0.12 | R54: -0.2 | S54: -0.35 | T54: -0.29 | U54: -0.28 | V54: -0.28 | W54: -0.01 | X54: 0.06 | Y54: 0.07
A55: Energy Congestion Price | B55: 0 | C55: 0 | D55: 0 | E55: 0 | F55: 0 | G55: 0 | H55: -0.23 | I55: -0.57 | J55: 0.03 | K55: 0.01 | L55: 0.01 | M55: 0.01 | N55: 0.01 | O55: 0 | P55: 0 | Q55: -0.32 | R55: -0.59 | S55: -0.97 | T55: -1 | U55: -1.04 | V55: -1.03 | W55: -0.02 | X55: -0.01 | Y55: 0.01
A56: 22nd May
A57: Ontario Zonal Price & Components | B57: Day Ahead Zonal Energy Price ($/MWh) for hour
B58: 1 | C58: 2 | D58: 3 | E58: 4 | F58: 5 | G58: 6 | H58: 7 | I58: 8 | J58: 9 | K58: 10 | L58: 11 | M58: 12 | N58: 13 | O58: 14 | P58: 15 | Q58: 16 | R58: 17 | S58: 18 | T58: 19 | U58: 20 | V58: 21 | W58: 22 | X58: 23 | Y58: 24
A59: Zonal Price | B59: 0 | C59: 5.77 | D59: 6.69 | E59: 6.96 | F59: 13.93 | G59: 23.69 | H59: 26.9 | I59: 34.78 | J59: 29.8 | K59: 35.02 | L59: 34.26 | M59: 34.5 | N59: 37.36 | O59: 35.93 | P59: 34.69 | Q59: 40.38 | R59: 37.03 | S59: 36.89 | T59: 58.31 | U59: 58.37 | V59: 58.41 | W59: 37.76 | X59: 14.9 | Y59: 14.87
A60: Energy Loss Price | B60: 0 | C60: 0.07 | D60: 0.08 | E60: 0.08 | F60: 0.13 | G60: 0.15 | H60: 0.02 | I60: -0.08 | J60: -0.09 | K60: -0.13 | L60: -0.15 | M60: -0.11 | N60: -0.11 | O60: -0.1 | P60: -0.09 | Q60: -0.15 | R60: -0.13 | S60: -0.11 | T60: -0.08 | U60: -0.09 | V60: -0.09 | W60: 0.03 | X60: 0.07 | Y60: 0.1
A61: Energy Congestion Price | B61: 0 | C61: 0 | D61: 0 | E61: 0 | F61: -0.16 | G61: -0.01 | H61: -0.43 | I61: -0.12 | J61: 0 | K61: -0.15 | L61: -0.53 | M61: -0.56 | N61: -0.64 | O61: -0.6 | P61: -0.57 | Q61: -0.68 | R61: -0.6 | S61: -0.61 | T61: -1.05 | U61: -1.04 | V61: -1.06 | W61: -0.05 | X61: 0 | Y61: 0
A62: 23rd May
A63: Ontario Zonal Price & Components | B63: Day Ahead Zonal Energy Price ($/MWh) for hour
B64: 1 | C64: 2 | D64: 3 | E64: 4 | F64: 5 | G64: 6 | H64: 7 | I64: 8 | J64: 9 | K64: 10 | L64: 11 | M64: 12 | N64: 13 | O64: 14 | P64: 15 | Q64: 16 | R64: 17 | S64: 18 | T64: 19 | U64: 20 | V64: 21 | W64: 22 | X64: 23 | Y64: 24
A65: Zonal Price | B65: 6.56 | C65: 7.11 | D65: 7.19 | E65: 7.92 | F65: 13.98 | G65: 13.88 | H65: 18.65 | I65: 23.66 | J65: 14.5 | K65: 14.44 | L65: 25.43 | M65: 26.6 | N65: 14.73 | O65: 14.64 | P65: 18.28 | Q65: 14.53 | R65: 14.67 | S65: 36.32 | T65: 42.67 | U65: 46.79 | V65: 42.02 | W65: 40.26 | X65: 28.42 | Y65: 14.6
A66: Energy Loss Price | B66: 0.05 | C66: 0.06 | D66: 0.07 | E66: 0.07 | F66: 0.11 | G66: 0.09 | H66: 0.12 | I66: 0.11 | J66: 0.04 | K66: 0.02 | L66: -0.02 | M66: 0 | N66: 0.01 | O66: 0.02 | P66: 0.04 | Q66: 0.02 | R66: 0 | S66: -0.01 | T66: 0.01 | U66: 0.01 | V66: 0.01 | W66: 0.1 | X66: 0.18 | Y66: 0.1
A67: Energy Congestion Price | B67: 0 | C67: 0 | D67: 0 | E67: 0 | F67: -0.01 | G67: -0.16 | H67: -0.02 | I67: -0.01 | J67: -0.01 | K67: -0.15 | L67: -0.02 | M67: -0.44 | N67: -0.01 | O67: -0.01 | P67: -0.01 | Q67: -0.16 | R67: -0.01 | S67: -0.02 | T67: -0.79 | U67: -0.03 | V67: -0.05 | W67: -0.05 | X67: -0.03 | Y67: -0.01
A68: 24th May
A69: Ontario Zonal Price & Components | B69: Day Ahead Zonal Energy Price ($/MWh) for hour
B70: 1 | C70: 2 | D70: 3 | E70: 4 | F70: 5 | G70: 6 | H70: 7 | I70: 8 | J70: 9 | K70: 10 | L70: 11 | M70: 12 | N70: 13 | O70: 14 | P70: 15 | Q70: 16 | R70: 17 | S70: 18 | T70: 19 | U70: 20 | V70: 21 | W70: 22 | X70: 23 | Y70: 24
A71: Zonal Price | B71: 14.83 | C71: 15.31 | D71: 14.76 | E71: 14.74 | F71: 15.29 | G71: 19.98 | H71: 15.66 | I71: 14.85 | J71: 14.59 | K71: 14.57 | L71: 14.54 | M71: 14.56 | N71: 14.47 | O71: 14.41 | P71: 14.42 | Q71: 15.43 | R71: 16.1 | S71: 30.22 | T71: 33.29 | U71: 59.48 | V71: 65.97 | W71: 32.29 | X71: 30.53 | Y71: 14.8
A72: Energy Loss Price | B72: 0.13 | C72: 0.16 | D72: 0.17 | E72: 0.16 | F72: 0.16 | G72: 0.21 | H72: 0.16 | I72: 0.13 | J72: 0.11 | K72: 0.09 | L72: 0.09 | M72: 0.08 | N72: 0.08 | O72: 0.08 | P72: 0.09 | Q72: 0.07 | R72: 0.04 | S72: 0.02 | T72: 0.03 | U72: -0.05 | V72: -0.11 | W72: -0.01 | X72: 0.11 | Y72: 0.08
A73: Energy Congestion Price | B73: 0 | C73: 0 | D73: 0 | E73: 0 | F73: 0 | G73: -0.02 | H73: 0.74 | I73: 0 | J73: 0 | K73: 0 | L73: 0 | M73: 0 | N73: 0 | O73: 0 | P73: 0 | Q73: 0 | R73: 0 | S73: -0.02 | T73: -0.02 | U73: -0.02 | V73: -0.05 | W73: 0 | X73: -0.05 | Y73: 0
A74: 25th May
A75: Ontario Zonal Price & Components | B75: Day Ahead Zonal Energy Price ($/MWh) for hour
B76: 1 | C76: 2 | D76: 3 | E76: 4 | F76: 5 | G76: 6 | H76: 7 | I76: 8 | J76: 9 | K76: 10 | L76: 11 | M76: 12 | N76: 13 | O76: 14 | P76: 15 | Q76: 16 | R76: 17 | S76: 18 | T76: 19 | U76: 20 | V76: 21 | W76: 22 | X76: 23 | Y76: 24
A77: Zonal Price | B77: 25.08 | C77: 25.14 | D77: 25.15 | E77: 25.17 | F77: 25.12 | G77: 28.67 | H77: 35.77 | I77: 37.47 | J77: 36.75 | K77: 32.42 | L77: 33.51 | M77: 33.81 | N77: 34.88 | O77: 39.9 | P77: 34.63 | Q77: 53.77 | R77: 64.68 | S77: 79.13 | T77: 82.69 | U77: 82.48 | V77: 82.09 | W77: 50.75 | X77: 34.74 | Y77: 29.75
A78: Energy Loss Price | B78: 0.05 | C78: 0.11 | D78: 0.12 | E78: 0.13 | F78: 0.1 | G78: 0.05 | H78: -0.01 | I78: -0.08 | J78: -0.12 | K78: -0.09 | L78: -0.05 | M78: -0.08 | N78: -0.15 | O78: -0.14 | P78: -0.12 | Q78: -0.26 | R78: -0.4 | S78: -0.53 | T78: -0.58 | U78: -0.46 | V78: -0.55 | W78: -0.19 | X78: 0 | Y78: 0.03
A79: Energy Congestion Price | B79: -0.02 | C79: -0.02 | D79: -0.02 | E79: -0.02 | F79: -0.03 | G79: -0.04 | H79: -0.04 | I79: -0.05 | J79: -0.03 | K79: -0.03 | L79: -0.07 | M79: 0 | N79: 0 | O79: 0 | P79: 0 | Q79: 0 | R79: -1.42 | S79: -1.77 | T79: -0.04 | U79: -0.19 | V79: -0.07 | W79: -0.07 | X79: -0.04 | Y79: -0.03
A80: 26th May
A81: Ontario Zonal Price & Components | B81: Day Ahead Zonal Energy Price ($/MWh) for hour
B82: 1 | C82: 2 | D82: 3 | E82: 4 | F82: 5 | G82: 6 | H82: 7 | I82: 8 | J82: 9 | K82: 10 | L82: 11 | M82: 12 | N82: 13 | O82: 14 | P82: 15 | Q82: 16 | R82: 17 | S82: 18 | T82: 19 | U82: 20 | V82: 21 | W82: 22 | X82: 23 | Y82: 24
A83: Zonal Price | B83: 24.41 | C83: 20.15 | D83: 20.17 | E83: 15.1 | F83: 21.24 | G83: 32.49 | H83: 42.22 | I83: 39.45 | J83: 37.51 | K83: 31.51 | L83: 31.23 | M83: 29 | N83: 30.39 | O83: 31.68 | P83: 33.37 | Q83: 41.41 | R83: 45.56 | S83: 65.3 | T83: 66.08 | U83: 69.54 | V83: 64.61 | W83: 32.4 | X83: 15.01 | Y83: 14.96
A84: Energy Loss Price | B84: 0.09 | C84: 0.12 | D84: 0.15 | E84: 0.09 | F84: 0.11 | G84: 0.1 | H84: -0.12 | I84: -0.15 | J84: -0.15 | K84: -0.15 | L84: -0.1 | M84: -0.14 | N84: -0.2 | O84: -0.17 | P84: -0.15 | Q84: -0.26 | R84: -0.32 | S84: -0.52 | T84: -0.49 | U84: -0.47 | V84: -0.47 | W84: -0.12 | X84: 0 | Y84: 0.05
A85: Energy Congestion Price | B85: -0.01 | C85: -0.01 | D85: -0.02 | E85: 0 | F85: -0.01 | G85: -0.04 | H85: -0.05 | I85: -0.19 | J85: -0.18 | K85: -0.73 | L85: -0.04 | M85: -0.01 | N85: -0.43 | O85: -0.01 | P85: -0.02 | Q85: -0.03 | R85: -0.19 | S85: -0.54 | T85: -0.05 | U85: -0.06 | V85: -0.09 | W85: -0.04 | X85: -0.01 | Y85: -0.01
A86: 27th May
A87: Ontario Zonal Price & Components | B87: Day Ahead Zonal Energy Price ($/MWh) for hour
B88: 1 | C88: 2 | D88: 3 | E88: 4 | F88: 5 | G88: 6 | H88: 7 | I88: 8 | J88: 9 | K88: 10 | L88: 11 | M88: 12 | N88: 13 | O88: 14 | P88: 15 | Q88: 16 | R88: 17 | S88: 18 | T88: 19 | U88: 20 | V88: 21 | W88: 22 | X88: 23 | Y88: 24
A89: Zonal Price | B89: 14.87 | C89: 14.73 | D89: 9.62 | E89: 9.62 | F89: 15.95 | G89: 15.07 | H89: 33.59 | I89: 36.37 | J89: 24.15 | K89: 31.98 | L89: 31.81 | M89: 32.55 | N89: 32.51 | O89: 31.93 | P89: 33.51 | Q89: 33.96 | R89: 37.96 | S89: 49.65 | T89: 49.58 | U89: 61.75 | V89: 60.46 | W89: 41.65 | X89: 32.55 | Y89: 15.11
A90: Energy Loss Price | B90: 0.06 | C90: 0.1 | D90: 0.08 | E90: 0.07 | F90: 0.11 | G90: 0.04 | H90: 0.03 | I90: 0.02 | J90: 0.01 | K90: 0.04 | L90: 0.03 | M90: 0.01 | N90: -0.04 | O90: -0.01 | P90: -0.02 | Q90: -0.12 | R90: -0.16 | S90: -0.23 | T90: -0.2 | U90: -0.27 | V90: -0.31 | W90: -0.06 | X90: 0.06 | Y90: 0.06
A91: Energy Congestion Price | B91: -0.01 | C91: 0 | D91: 0 | E91: 0 | F91: -0.01 | G91: -0.01 | H91: -0.02 | I91: -0.02 | J91: -0.01 | K91: -0.02 | L91: -0.01 | M91: -0.01 | N91: -0.01 | O91: -0.01 | P91: -0.01 | Q91: -0.01 | R91: -0.02 | S91: -0.02 | T91: -0.02 | U91: -0.04 | V91: -0.07 | W91: -0.05 | X91: -0.04 | Y91: -0.01
A92: 28th May
A93: Ontario Zonal Price & Components | B93: Day Ahead Zonal Energy Price ($/MWh) for hour
B94: 1 | C94: 2 | D94: 3 | E94: 4 | F94: 5 | G94: 6 | H94: 7 | I94: 8 | J94: 9 | K94: 10 | L94: 11 | M94: 12 | N94: 13 | O94: 14 | P94: 15 | Q94: 16 | R94: 17 | S94: 18 | T94: 19 | U94: 20 | V94: 21 | W94: 22 | X94: 23 | Y94: 24
A95: Zonal Price | B95: 14.88 | C95: 17.51 | D95: 14.21 | E95: 14.27 | F95: 14.77 | G95: 30.03 | H95: 35.07 | I95: 37.59 | J95: 38.64 | K95: 38.6 | L95: 33.46 | M95: 37.23 | N95: 33.77 | O95: 33.79 | P95: 36.17 | Q95: 33.87 | R95: 34.03 | S95: 46.38 | T95: 55.96 | U95: 64.48 | V95: 67.31 | W95: 49.2 | X95: 33.97 | Y95: 14.83
A96: Energy Loss Price | B96: 0.06 | C96: 0.11 | D96: 0.1 | E96: 0.09 | F96: 0.06 | G96: 0.01 | H96: -0.07 | I96: -0.08 | J96: -0.12 | K96: -0.2 | L96: -0.16 | M96: -0.17 | N96: -0.19 | O96: -0.19 | P96: -0.18 | Q96: -0.16 | R96: -0.17 | S96: -0.27 | T96: -0.21 | U96: -0.27 | V96: -0.36 | W96: -0.08 | X96: 0.01 | Y96: 0.03
A97: Energy Congestion Price | B97: -0.01 | C97: -0.02 | D97: -0.01 | E97: 0 | F97: 0 | G97: -0.02 | H97: -0.03 | I97: -0.17 | J97: -0.88 | K97: -0.88 | L97: -1.08 | M97: -0.83 | N97: -0.73 | O97: -0.75 | P97: -0.79 | Q97: -0.73 | R97: -0.7 | S97: -1.08 | T97: -0.29 | U97: -0.42 | V97: -0.49 | W97: -0.26 | X97: -0.15 | Y97: -0.01
A98: 29th May
A99: Ontario Zonal Price & Components | B99: Day Ahead Zonal Energy Price ($/MWh) for hour
B100: 1 | C100: 2 | D100: 3 | E100: 4 | F100: 5 | G100: 6 | H100: 7 | I100: 8 | J100: 9 | K100: 10 | L100: 11 | M100: 12 | N100: 13 | O100: 14 | P100: 15 | Q100: 16 | R100: 17 | S100: 18 | T100: 19 | U100: 20 | V100: 21 | W100: 22 | X100: 23 | Y100: 24
...

Sheet Sheet2
A1: Date | B1: Day Ahead Zonal Energy Price ($/MWh) for hour | C1: {=TRANSPOSE(Sheet1!A5:A7)} -> Zonal Price | D1: Energy Loss Price | E1: Energy Congestion Price
A2: 45791.522 | B2: {=TRANSPOSE(Sheet1!B10:Y13)} -> 1 | C2: 11.94 | D2: 0.04 | E2: 0
A3: 45791.522 | B3: 2 | C3: 6.78 | D3: 0.04 | E3: 0
A4: 45791.522 | B4: 3 | C4: 6.82 | D4: 0.05 | E4: 0
A5: 45791.522 | B5: 4 | C5: 6.94 | D5: 0.05 | E5: 0
A6: 45791.522 | B6: 5 | C6: 14.07 | D6: 0.09 | E6: 0
A7: 45791.522 | B7: 6 | C7: 30.4 | D7: 0.16 | E7: -0.5
A8: 45791.522 | B8: 7 | C8: 30.31 | D8: 0.09 | E8: -0.48
A9: 45791.522 | B9: 8 | C9: 35.63 | D9: 0.07 | E9: -1.32
A10: 45791.522 | B10: 9 | C10: 36.11 | D10: 0.03 | E10: -1.5
A11: 45791.522 | B11: 10 | C11: 37.09 | D11: 0.08 | E11: -0.6
A12: 45791.522 | B12: 11 | C12: 36.47 | D12: 0.02 | E12: -0.57
A13: 45791.522 | B13: 12 | C13: 36.34 | D13: 0.02 | E13: -0.59
A14: 45791.522 | B14: 13 | C14: 36.24 | D14: -0.06 | E14: -0.59
... A25: 45791.522 | B25: 24 | C25: 11.95 | D25: 0.01 | E25: -0.11
A26: 45792.522 | B26: {=TRANSPOSE(Sheet1!B16:Y19)} -> 1 | C26: 5.93 | D26: 0.02 | E26: 0
A27: 45792.522 | B27: 2 | C27: 5.94 | D27: 0.03 | E27: 0
A28: 45792.522 | B28: 3 | C28: 5.91 | D28: 0.04 | E28: 0
A29: 45792.522 | B29: 4 | C29: 6.13 | D29: 0.04 | E29: 0
A30: 45792.522 | B30: 5 | C30: 5.83 | D30: 0.04 | E30: 0
A31: 45792.522 | B31: 6 | C31: 6.89 | D31: 0.02 | E31: 0
A32: 45792.522 | B32: 7 | C32: 12.95 | D32: -0.04 | E32: -0.12
A33: 45792.522 | B33: 8 | C33: 13.24 | D33: -0.05 | E33: -0.12
A34: 45792.522 | B34: 9 | C34: 28.52 | D34: -0.13 | E34: -0.4
A35: 45792.522 | B35: 10 | C35: 28.21 | D35: -0.04 | E35: -0.43
A36: 45792.522 | B36: 11 | C36: 25.94 | D36: -0.05 | E36: -0.36
A37: 45792.522 | B37: 12 | C37: 29.38 | D37: -0.04 | E37: -0.45
A38: 45792.522 | B38: 13 | C38: 28.2 | D38: -0.11 | E38: -0.63
... A49: 45792.522 | B49: 24 | C49: 11.9 | D49: 0.01 | E49: -0.11
A50: 45793.522 | B50: {=TRANSPOSE(Sheet1!B22:Y25)} -> 1 | C50: 5.31 | D50: 0.05 | E50: 0
A51: 45793.522 | B51: 2 | C51: 0 | D51: 0 | E51: 0
A52: 45793.522 | B52: 3 | C52: 0 | D52: 0 | E52: 0
A53: 45793.522 | B53: 4 | C53: 0 | D53: 0 | E53: 0
A54: 45793.522 | B54: 5 | C54: 0 | D54: 0 | E54: 0
A55: 45793.522 | B55: 6 | C55: 0 | D55: 0 | E55: 0
A56: 45793.522 | B56: 7 | C56: 0 | D56: 0 | E56: 0
A57: 45793.522 | B57: 8 | C57: 6.13 | D57: 0.02 | E57: 0
A58: 45793.522 | B58: 9 | C58: 6.57 | D58: -0.01 | E58: 0
A59: 45793.522 | B59: 10 | C59: 9.94 | D59: -0.02 | E59: -0.06
A60: 45793.522 | B60: 11 | C60: 9.93 | D60: -0.04 | E60: -0.06
A61: 45793.522 | B61: 12 | C61: 7.6 | D61: -0.02 | E61: 0
A62: 45793.522 | B62: 13 | C62: 6.35 | D62: -0.01 | E62: 0
... A73: 45793.522 | B73: 24 | C73: 0 | D73: 0 | E73: 0
A74: 45794.522 | B74: {=TRANSPOSE(Sheet1!B28:Y31)} -> 1 | C74: 0 | D74: 0 | E74: 0
A75: 45794.522 | B75: 2 | C75: 0 | D75: 0 | E75: 0
A76: 45794.522 | B76: 3 | C76: 0 | D76: 0 | E76: 0
A77: 45794.522 | B77: 4 | C77: 0 | D77: 0 | E77: 0
A78: 45794.522 | B78: 5 | C78: 0 | D78: 0 | E78: 0
A79: 45794.522 | B79: 6 | C79: 0 | D79: 0 | E79: 0
A80: 45794.522 | B80: 7 | C80: 0 | D80: 0 | E80: 0
A81: 45794.522 | B81: 8 | C81: 5.77 | D81: 0.03 | E81: 0
A82: 45794.522 | B82: 9 | C82: 6.2 | D82: 0.01 | E82: 0
A83: 45794.522 | B83: 10 | C83: 9.96 | D83: 0.01 | E83: -0.06
A84: 45794.522 | B84: 11 | C84: 14.02 | D84: -0.01 | E84: -0.16
A85: 45794.522 | B85: 12 | C85: 14.17 | D85: 0 | E85: -0.15
A86: 45794.522 | B86: 13 | C86: 14.01 | D86: -0.03 | E86: -0.15
... A97: 45794.522 | B97: 24 | C97: 14.58 | D97: 0.08 | E97: 0
A98: 45795.522 | B98: {=TRANSPOSE(Sheet1!B34:Y37)} -> 1 | C98: 6.02 | D98: 0.06 | E98: 0
A99: 45795.522 | B99: 2 | C99: 5.74 | D99: 0.08 | E99: 0
A100: 45795.522 | B100: 3 | C100: 5.59 | D100: 0.09 | E100: 0
A101: 45795.522 | B101: 4 | C101: 5.88 | D101: 0.09 | E101: 0
A102: 45795.522 | B102: 5 | C102: 6.32 | D102: 0.08 | E102: 0
A103: 45795.522 | B103: 6 | C103: 6.37 | D103: 0.06 | E103: 0
A104: 45795.522 | B104: 7 | C104: 6.21 | D104: 0.05 | E104: 0
A105: 45795.522 | B105: 8 | C105: 6.75 | D105: 0.04 | E105: 0
A106: 45795.522 | B106: 9 | C106: 6.67 | D106: 0.03 | E106: 0
A107: 45795.522 | B107: 10 | C107: 6.58 | D107: 0.04 | E107: 0
A108: 45795.522 | B108: 11 | C108: 6.25 | D108: 0.03 | E108: 0
A109: 45795.522 | B109: 12 | C109: 6.36 | D109: 0.04 | E109: 0
A110: 45795.522 | B110: 13 | C110: 5.83 | D110: 0.03 | E110: 0
... A121: 45795.522 | B121: 24 | C121: 14.77 | D121: 0.11 | E121: 0
A122: 45796.522 | B122: {=TRANSPOSE(Sheet1!B40:Y43)} -> 1 | C122: 5.96 | D122: 0.07 | E122: 0
A123: 45796.522 | B123: 2 | C123: 6.2 | D123: 0.08 | E123: 0
A124: 45796.522 | B124: 3 | C124: 5.88 | D124: 0.08 | E124: 0
A125: 45796.522 | B125: 4 | C125: 5.78 | D125: 0.08 | E125: 0
A126: 45796.522 | B126: 5 | C126: 6.38 | D126: 0.06 | E126: 0
A127: 45796.522 | B127: 6 | C127: 14.45 | D127: 0.08 | E127: -0.17
A128: 45796.522 | B128: 7 | C128: 23.7 | D128: -0.02 | E128: -0.34
A129: 45796.522 | B129: 8 | C129: 26.47 | D129: -0.04 | E129: 0
A130: 45796.522 | B130: 9 | C130: 31.32 | D130: -0.03 | E130: 0
A131: 45796.522 | B131: 10 | C131: 29.42 | D131: 0.06 | E131: 0
A132: 45796.522 | B132: 11 | C132: 26.72 | D132: 0.02 | E132: 0
A133: 45796.522 | B133: 12 | C133: 31.52 | D133: 0.04 | E133: 0
A134: 45796.522 | B134: 13 | C134: 29.3 | D134: -0.03 | E134: 0
... A145: 45796.522 | B145: 24 | C145: 5.97 | D145: 0.04 | E145: 0
A146: 45797.522 | B146: {=TRANSPOSE(Sheet1!B46:Y49)} -> 1 | C146: 1 | D146: 0.01 | E146: 0
A147: 45797.522 | B147: 2 | C147: 5.17 | D147: 0.06 | E147: 0
A148: 45797.522 | B148: 3 | C148: 3.05 | D148: 0.04 | E148: 0
A149: 45797.522 | B149: 4 | C149: 4.96 | D149: 0.07 | E149: 0
A150: 45797.522 | B150: 5 | C150: 5.62 | D150: 0.05 | E150: 0
A151: 45797.522 | B151: 6 | C151: 6.14 | D151: 0.02 | E151: 0
A152: 45797.522 | B152: 7 | C152: 19.22 | D152: -0.05 | E152: -0.23
A153: 45797.522 | B153: 8 | C153: 37.41 | D153: -0.2 | E153: -0.57
A154: 45797.522 | B154: 9 | C154: 34.12 | D154: -0.17 | E154: 0.03
A155: 45797.522 | B155: 10 | C155: 24.02 | D155: -0.11 | E155: 0.01
A156: 45797.522 | B156: 11 | C156: 23.56 | D156: -0.13 | E156: 0.01
A157: 45797.522 | B157: 12 | C157: 28.29 | D157: -0.13 | E157: 0.01
A158: 45797.522 | B158: 13 | C158: 23.97 | D158: -0.1 | E158: 0.01
... A169: 45797.522 | B169: 24 | C169: 10.74 | D169: 0.07 | E169: 0.01
A170: 45798.522 | B170: {=TRANSPOSE(Sheet1!B52:Y55)} -> 1 | C170: 1 | D170: 0.01 | E170: 0
...
